adminCityId,adminCityName
rey,ری
eshkevar,اشکوار
emamshahr,امامشهر
khouzankola,خوزانکلا
fereydan,فریدن
tiranchi,تیرانچی
bakhtiyar,بختیار
mamasani,ممسنی
ramjerd,رمژرد
rudbarjonub,رودبار جنوب
mahani,مهری
tavak,تاک
aman,آمان
savadkuh,سوادکوه
veshnaveh,وشنه
savojbolagh,ساوجبلاغ
meshkinshahr,مشن‌شهر
kamalshahr,کمالشهر
khodabandeh,خدابنده
tarom,طارم
salasebabajani,سه‌قلعه
difful,درفول
arkvaz,ارکواز
kangan,نگان
bandartaheri,بندر طاهری
larak,لاک
bani-forur,بنی‌فارور
bandarkhamir,بندرخمیر
conark,چنارک
mohammadabad,محمدآباد
sadoogh,صدوق
zarich,زرچ
gachsaran,گچساران
bahmai,بهمئی
kohgiluyeh,کهگیلویه
manehsaman,مانه و سملقان
suvragh,سوخراگ
darmian,دمیان
sarisabz,سریسبز
bashavard,بشاورود
tarom-e-olfat,طالارالعلفا
bayat,بایات
kalateh,کلاته
chashm,چشمه‌علی
hawraman,هورامان